{"request": "addProduct", "name": "eggs", "brand": "Lovely Eggs", "data": {"measurement_type": "quantity", "use_within": null} }

{"request": "addProduct", "name": "milk", "brand": "Cows", "data": {"measurement_type": "volume", "use_within": 7} }

{"request": "addProduct", "name": "ketchup", "brand": "Beinz", "data": {"measurement_type": "volume", "use_within": 30} }

{"request": "addProduct", "name": "cheddar", "brand": "Mouse's Delight", "data": {"measurement_type": "weight", "use_within": 14} }

{"request": "addProduct", "name": "cheddar", "brand": "Krazy Cheddar", "data": {"measurement_type": "weight", "use_within": 9} }

{"request": "listProducts"}

{"request": "insertItem", "name": "eggs", "brand": "Lovely Eggs", "data": {"use_by": "2015-04-19", "quantity": "6"} }

{"request": "insertItem", "name": "milk", "brand": "Cows", "data": {"use_by": "2015-05-30", "volume": "1000"} }

{"request": "insertItem", "name": "milk", "brand": "Cows", "data": {"use_by": "2015-05-01", "volume": "1000"} }

{"request": "listContents"}

{"request": "openItem", "item_id": 3}

{"request": "listContents"}

{"request": "removeItem", "item_id": 2}

{"request": "listContents"}

{"request": "checkDates"}

{"request": "addFavourite", "product_id": 1}

{"request": "addFavourite", "product_id": 2}

{"request": "listFavourites"}

{"request": "removeFavourite", "product_id": 2}

{"request": "listFavourites"}

{"request": "removeProduct", "name": "milk", "brand": "Cows"}

